class,centroids,count
0,0.030861338256532807,779
1,0.5153628090398448,126
2,0.696947097840993,31
3,0.8491780227742609,51
