class,centroids,count
0,0.04081246101951547,697
1,0.31713006076458256,185
2,0.7654320483104287,105
